category,n,median_pay_usd
Product Management,471,142500.0
Strategy/Planning,468,122000.0
Legal,968,120000.0
Engineering,3739,120000.0
Consulting,785,115000.0
Project Management,1429,114400.0
Information Technology,7100,112672.0
Advertising,231,95000.0
Analyst,1243,95000.0
Science,363,93600.0
Research,925,93600.0
Design,755,92500.0
Finance,2914,92500.0
Supply Chain,386,90000.0
Accounting/Auditing,2274,87750.0
Quality Assurance,542,87430.0
Marketing,1629,87360.0
Health Care Provider,3730,87008.0
Human Resources,934,86840.0
Art/Creative,500,81000.0
Writing/Editing,420,77500.0
Business Development,3360,77250.0
General Business,554,75000.0
Sales,5595,75000.0
Public Relations,373,74500.0
Production,282,69840.0
Education,565,64600.0
Training,555,60250.0
Management,5439,59665.0
Other,3352,59500.0
Administrative,1872,59280.0
Manufacturing,4607,55120.0
Customer Service,1138,50205.0
