skill_name,postings,pct_remote_allowed
Writing/Editing,1426,30.2
Consulting,2241,28.2
Product Management,1313,25.1
Analyst,3775,23.2
Public Relations,1258,22.1
Marketing,5400,21.7
Advertising,652,20.7
Business Development,13304,20.3
Research,2928,19.9
Information Technology,25256,18.5
Sales,21193,18.1
Engineering,12530,17.0
Art/Creative,1637,16.8
Project Management,3825,15.3
Strategy/Planning,1158,15.1
Design,2207,14.4
Human Resources,2608,13.8
Legal,2229,13.3
General Business,1929,13.0
Science,782,12.7
Finance,8011,12.5
Administrative,4787,12.2
Quality Assurance,1752,12.1
Customer Service,4167,11.6
Accounting/Auditing,4999,10.6
Supply Chain,1167,9.2
Education,2217,8.1
Training,2164,7.7
Purchasing,599,7.5
Other,12314,7.1
Production,753,4.1
Management,20385,3.9
Health Care Provider,16675,3.8
Manufacturing,17728,2.7
