skill_a,skill_b,postings_together
Management,Manufacturing,15938
Business Development,Sales,12214
Engineering,Information Technology,8718
Accounting/Auditing,Finance,3404
Finance,Sales,3391
Marketing,Sales,2295
Analyst,Research,2201
Analyst,Information Technology,2147
Information Technology,Project Management,2039
Information Technology,Research,1919
Education,Training,1762
Art/Creative,Design,1439
Design,Information Technology,1419
Art/Creative,Information Technology,1347
Customer Service,Sales,1270
