skill_name,postings,pct_of_postings
Information Technology,25256,20.4
Sales,21193,17.1
Management,20385,16.5
Manufacturing,17728,14.3
Health Care Provider,16675,13.5
Business Development,13304,10.7
Engineering,12530,10.1
Other,12314,9.9
Finance,8011,6.5
Marketing,5400,4.4
Accounting/Auditing,4999,4.0
Administrative,4787,3.9
Customer Service,4167,3.4
Project Management,3825,3.1
Analyst,3775,3.0
Research,2928,2.4
Human Resources,2608,2.1
Consulting,2241,1.8
Legal,2229,1.8
Education,2217,1.8
Design,2207,1.8
Training,2164,1.7
General Business,1929,1.6
Quality Assurance,1752,1.4
Art/Creative,1637,1.3
Writing/Editing,1426,1.2
Product Management,1313,1.1
Public Relations,1258,1.0
Supply Chain,1167,0.9
Strategy/Planning,1158,0.9
Science,782,0.6
Production,753,0.6
Advertising,652,0.5
Purchasing,599,0.5
Distribution,409,0.3
